{
   "MoeSvm": 0.9647365990003891,
   "MoeKnn": 0.06108068399953481,
   "MoeDt": 0.17806328300139285,
   "RandomForest": 0.020734053001433495,
   "SVM": 0.001111562000005506,
   "KNN": 0.0004538100001809653,
   "XGBoost": 0.11920353599998634,
   "GradientBoosting": 0.10942809100015438,
   "ExtraTrees": 0.3280175399995642
}