{
   "MoeSvm": 0.8690895099989575,
   "MoeKnn": 0.17084526699909475,
   "MoeDt": 0.23118033300124807,
   "RandomForest": 0.1118078899999091,
   "SVM": 0.006337841999993543,
   "KNN": 0.0005602630008070264,
   "XGBoost": 0.20890339400102675,
   "GradientBoosting": 1.1402759800002968,
   "ExtraTrees": 0.2280817829996522
}