{
   "MoeSvm": 0.33618864199888776,
   "MoeKnn": 0.13669574000050488,
   "MoeDt": 0.5683338700000604,
   "RandomForest": 0.021238621999145835,
   "SVM": 0.004135171000598348,
   "KNN": 0.0007215489986265311,
   "XGBoost": 0.033026451001205714,
   "GradientBoosting": 0.039676143000178854,
   "ExtraTrees": 0.3409183589992608
}