{
   "MoeSvm": 0.8076971780010354,
   "MoeKnn": 0.09262038700035191,
   "MoeDt": 0.741520348999984,
   "RandomForest": 0.022940374999961932,
   "SVM": 0.025244529999326915,
   "KNN": 0.008971291999841924,
   "XGBoost": 0.3004474260014831,
   "GradientBoosting": 0.6643983430003573,
   "ExtraTrees": 0.07880347199898097
}