{
   "MoeSvm": 0.7337811420002254,
   "MoeKnn": 0.24980118500025128,
   "MoeDt": 0.6510010900001362,
   "RandomForest": 0.06396340600076655,
   "SVM": 0.0057595119997131405,
   "KNN": 0.0005781340005341917,
   "XGBoost": 0.14165783300086332,
   "GradientBoosting": 0.34487686099964776,
   "ExtraTrees": 0.3593038790004357
}