{
   "MoeSvm": 0.721648531000028,
   "MoeKnn": 0.07160509000095772,
   "MoeDt": 0.3771133860009286,
   "RandomForest": 0.02219392400002107,
   "SVM": 0.003029458999662893,
   "KNN": 0.0005575239993049763,
   "XGBoost": 0.08978296899840643,
   "GradientBoosting": 0.050047741999151185,
   "ExtraTrees": 0.3562086570000247
}