{
   "MoeSvm": 1.0158081610006775,
   "MoeKnn": 0.20387611699879926,
   "MoeDt": 0.550502788999438,
   "RandomForest": 0.02177244700033043,
   "SVM": 0.002866794999135891,
   "KNN": 0.0004069030001119245,
   "XGBoost": 0.043859438999788836,
   "GradientBoosting": 0.21420645899888768,
   "ExtraTrees": 0.07756899800006067
}