{
   "MoeSvm": 1.4125925810003537,
   "MoeKnn": 0.2528746490006597,
   "MoeDt": 0.6653074649984774,
   "RandomForest": 0.16862462700009928,
   "SVM": 0.003901935000612866,
   "KNN": 0.002207133000410977,
   "XGBoost": 0.13513189399964176,
   "GradientBoosting": 0.05007740300061414,
   "ExtraTrees": 0.07597644800080161
}