{
   "MoeSvm": 1.361346843001229,
   "MoeKnn": 0.2518820320001396,
   "MoeDt": 0.6630189069983317,
   "RandomForest": 0.1048162589995627,
   "SVM": 0.007349505000092904,
   "KNN": 0.0010932799996226095,
   "XGBoost": 0.14947527399999672,
   "GradientBoosting": 0.16973800399864558,
   "ExtraTrees": 0.0825690260007832
}