{
   "MoeSvm": 1.4226091929995164,
   "MoeKnn": 3.8317413509994367,
   "MoeDt": 0.40721145199859166,
   "RandomForest": 0.06661142399934761,
   "SVM": 0.06676538600004278,
   "KNN": 0.0023230730002978817,
   "XGBoost": 0.07850589400004537,
   "GradientBoosting": 0.04848024599959899,
   "ExtraTrees": 0.22652218999974139
}