{
   "MoeSvm": 0.8378509069989377,
   "MoeKnn": 0.08649020200027735,
   "MoeDt": 0.45850069699918095,
   "RandomForest": 0.021477385998878162,
   "SVM": 0.007091198000125587,
   "KNN": 0.0010999750011251308,
   "XGBoost": 0.12578556900007243,
   "GradientBoosting": 0.20806875199923525,
   "ExtraTrees": 0.07820601300045382
}