{
   "MoeSvm": 2.792620166001143,
   "MoeKnn": 0.2500931140002649,
   "MoeDt": 0.47904656100035936,
   "RandomForest": 0.13338919300076668,
   "SVM": 0.0136647939998511,
   "KNN": 0.0006278900000324938,
   "XGBoost": 0.1388202280013502,
   "GradientBoosting": 0.09937736999927438,
   "ExtraTrees": 0.38887107800110243
}