{
   "MoeSvm": 1.1863249039997754,
   "MoeKnn": 0.15314382100041257,
   "MoeDt": 0.4097336129998439,
   "RandomForest": 0.09309933599979558,
   "SVM": 0.010389352999482071,
   "KNN": 0.0009100120005314238,
   "XGBoost": 0.024498933998984285,
   "GradientBoosting": 0.038673998999001924,
   "ExtraTrees": 0.07632112099963706
}