{
   "MoeSvm": 1.156612432001566,
   "MoeKnn": 0.21995146199878945,
   "MoeDt": 0.6640538179999567,
   "RandomForest": 0.06091814699902898,
   "SVM": 0.0022404649989766767,
   "KNN": 0.0006229240007087355,
   "XGBoost": 0.06520115400053328,
   "GradientBoosting": 0.4214254569997138,
   "ExtraTrees": 0.3567592469989904
}