{
   "MoeSvm": 1.912984847000189,
   "MoeKnn": 1.1431856420003896,
   "MoeDt": 0.6920253989992489,
   "RandomForest": 0.0711123890014278,
   "SVM": 0.014048089999050717,
   "KNN": 0.002072670999041293,
   "XGBoost": 0.14951780599949416,
   "GradientBoosting": 0.4258617109990155,
   "ExtraTrees": 0.08313026999894646
}