{
   "MoeSvm": 1.458817820999684,
   "MoeKnn": 0.08354252800018003,
   "MoeDt": 0.44542420099969604,
   "RandomForest": 0.023052497999742627,
   "SVM": 0.003011127000718261,
   "KNN": 0.00046923400077503175,
   "XGBoost": 0.19316559500111907,
   "GradientBoosting": 0.529352421999647,
   "ExtraTrees": 0.21043136399930518
}