{
   "MoeSvm": 19.600884564000808,
   "MoeKnn": 1.2099726579999697,
   "MoeDt": 0.49891517699870747,
   "RandomForest": 0.0959335640000063,
   "SVM": 0.11062284999934491,
   "KNN": 0.0010168219996558037,
   "XGBoost": 0.5922472679994826,
   "GradientBoosting": 0.8824290089996794,
   "ExtraTrees": 0.08804965700073808
}