{
   "MoeSvm": 0.7376065759999619,
   "MoeKnn": 0.143934508001621,
   "MoeDt": 0.6142888809990836,
   "RandomForest": 0.019773811998675228,
   "SVM": 0.001721847000226262,
   "KNN": 0.0004348540005594259,
   "XGBoost": 0.11485653700037801,
   "GradientBoosting": 0.0635331639987271,
   "ExtraTrees": 0.2089434600002278
}