{
   "MoeSvm": 0.690444554998976,
   "MoeKnn": 0.10883739600103581,
   "MoeDt": 0.3506167320010718,
   "RandomForest": 0.09012093499950424,
   "SVM": 0.003120715000477503,
   "KNN": 0.000562299999728566,
   "XGBoost": 0.1544475569990027,
   "GradientBoosting": 0.0677015469991602,
   "ExtraTrees": 0.07330722099868581
}