{
   "MoeSvm": 1.335301619999882,
   "MoeKnn": 4.299503418000313,
   "MoeDt": 0.4071294469995337,
   "RandomForest": 0.023273729000720778,
   "SVM": 0.011959552000917029,
   "KNN": 0.0016993440003716387,
   "XGBoost": 0.15824188300030073,
   "GradientBoosting": 0.04917002199908893,
   "ExtraTrees": 0.09423592100029055
}