{
   "MoeSvm": 16.637953951998497,
   "MoeKnn": 0.5076375700009521,
   "MoeDt": 0.517799520999688,
   "RandomForest": 0.04959953000070527,
   "SVM": 0.12401829199916392,
   "KNN": 0.0012245660000189673,
   "XGBoost": 0.11676506199910364,
   "GradientBoosting": 0.41972260500006087,
   "ExtraTrees": 0.09270644900061598
}