{
   "MoeSvm": 1.244434790000014,
   "MoeKnn": 0.14686050199998135,
   "MoeDt": 0.2030722510007763,
   "RandomForest": 0.06400706600106787,
   "SVM": 0.0018308250000700355,
   "KNN": 0.0005540429992834106,
   "XGBoost": 0.09879669099973398,
   "GradientBoosting": 0.31489522899937583,
   "ExtraTrees": 0.22947850799937441
}