{
   "MoeSvm": 4.541042205999474,
   "MoeKnn": 0.21226752000075066,
   "MoeDt": 0.5203061930005788,
   "RandomForest": 0.1969238839992613,
   "SVM": 0.20471259699843358,
   "KNN": 0.0005797989997518016,
   "XGBoost": 0.2479243609996047,
   "GradientBoosting": 0.3013077109990263,
   "ExtraTrees": 0.08739705100015271
}