{
   "MoeSvm": 2.507573199000035,
   "MoeKnn": 0.2668441790010547,
   "MoeDt": 0.7149673070016433,
   "RandomForest": 0.06985624099979759,
   "SVM": 0.054788991999885184,
   "KNN": 0.002000686001338181,
   "XGBoost": 0.1482797720000235,
   "GradientBoosting": 0.27539273500042327,
   "ExtraTrees": 0.0857568520004861
}