{
   "MoeSvm": 3.2526686119999795,
   "MoeKnn": 0.4669725459989422,
   "MoeDt": 0.6776161610014242,
   "RandomForest": 0.06157352300033381,
   "SVM": 0.013479236000421224,
   "KNN": 0.0012502930003392976,
   "XGBoost": 0.06421953700009908,
   "GradientBoosting": 0.047464600998864626,
   "ExtraTrees": 0.3735327909998887
}